ID,categories
1,"Others,Others,Others,Smart Contract"
2,Infrastructure
3,"Platform,Business services"
4,"Technology,Infrastructure,Cryptocurrency,Business services,Others,Finance,Technology,Others,Others,Smart Contract,Technology"
5,"Platform,Infrastructure,Others"
6,"Platform,Cryptocurrency,Technology,MediaCom,Others"
7,"Smart Contract,Cryptocurrency"
8,"Finance,Platform,Technology"
9,"Infrastructure,Platform"
10,"Cryptocurrency,Technology,Finance,Others"
11,"Platform,Finance,Cryptocurrency"
12,Business services
13,"Technology,Finance,Others"
14,"Platform,Others"
15,Others
16,"Business services,Finance,Others"
17,MediaCom
18,"Infrastructure,Others,Entertainment"
19,"Technology,Business services"
20,Others
21,Finance
22,Cryptocurrency
23,"Cryptocurrency,Entertainment,Entertainment,Platform,Technology"
24,"Others,Cryptocurrency,Platform,Others,Smart Contract"
25,"Platform,Cryptocurrency,Technology"
26,"Business services,Finance,Technology"
27,"Cryptocurrency,Finance,MediaCom,Technology"
28,"Technology,Entertainment,Cryptocurrency,Entertainment,Others"
29,Others
30,"Technology,Others,MediaCom,Infrastructure,Platform"
31,Others
32,"Platform,Technology,Business services"
33,"Platform,Cryptocurrency,Entertainment,Technology,Entertainment,Others"
34,"Cryptocurrency,Technology,Entertainment"
35,"Finance,Infrastructure,Technology"
36,"Business services,Cryptocurrency"
37,"Platform,Business services"
38,Cryptocurrency
39,"Platform,Others"
40,"Finance,Platform,Technology,Cryptocurrency"
41,"Others,Business services,Platform"
42,Business services
43,"Finance,Finance"
44,"Technology,Finance,Cryptocurrency"
45,"Platform,Cryptocurrency,Technology"
46,"Smart Contract,Cryptocurrency"
47,"Platform,Others,MediaCom,Business services,Technology,Cryptocurrency,Smart Contract,Technology,Infrastructure,Others"
48,"Technology,Entertainment"
49,"Others,Business services,Cryptocurrency,Platform"
50,Others
51,Cryptocurrency
52,"MediaCom,Platform,Technology"
53,"Platform,Cryptocurrency,Finance"
54,"Business services,Others,Finance,Technology,Cryptocurrency,Finance,Others,Platform,Smart Contract,Technology"
55,"Platform,Cryptocurrency,Technology,Technology,Infrastructure"
56,"Platform,Others"
57,"Cryptocurrency,Others,Business services"
58,"Technology,Cryptocurrency"
59,Cryptocurrency
60,"Platform,Cryptocurrency"
61,"Others,Infrastructure"
62,"Others,Cryptocurrency"
63,"Cryptocurrency,Platform,Finance"
64,"Business services,Platform"
65,"Platform,Business services,Finance"
66,"Others,Business services,Platform,Smart Contract"
67,"Cryptocurrency,Platform,Technology,Finance,Business services,Finance,Technology"
68,Cryptocurrency
69,"Technology,Cryptocurrency,Smart Contract"
70,Finance
71,Others
72,MediaCom
73,"Finance,Cryptocurrency"
74,"Entertainment,Entertainment"
75,"Platform,Business services,Technology"
76,Platform
77,"Technology,Others,Cryptocurrency,Finance"
78,"Technology,Others,Business services,Cryptocurrency,Infrastructure,Platform"
79,Cryptocurrency
80,"Technology,Platform"
81,Finance
82,Entertainment
83,Others
84,"Others,Platform,Others"
85,"Platform,Entertainment"
86,"MediaCom,Finance,Cryptocurrency,Finance,Others,Smart Contract,Technology"
87,Cryptocurrency
88,"Technology,Business services,Platform,Technology"
89,"Platform,Others"
90,"Business services,Cryptocurrency,Finance,Platform,Smart Contract,Technology"
91,"Platform,Entertainment"
92,"Business services,MediaCom,Cryptocurrency,Platform"
93,"Finance,Business services"
94,"Platform,Cryptocurrency,Finance,Infrastructure,Others"
95,Cryptocurrency
96,"Platform,Technology,MediaCom,Infrastructure"
97,Entertainment
98,"Business services,Technology"
99,"Technology,Platform"
100,Platform
101,"Cryptocurrency,Platform"
102,Others
103,"Finance,Platform,Infrastructure"
104,Technology
105,Others
106,"Finance,Business services,Smart Contract"
107,"Others,Others"
108,"Business services,Platform"
109,Others
110,"Cryptocurrency,Entertainment"
111,"Others,Platform,Technology,Smart Contract"
112,Cryptocurrency
113,"Platform,Others,Business services,Technology"
114,"Platform,Technology,Entertainment,MediaCom"
115,MediaCom
116,"Cryptocurrency,Finance,Technology,Finance,Technology"
117,"Platform,MediaCom"
118,"Platform,Smart Contract"
119,Others
120,"Business services,Cryptocurrency,Finance,Platform"
121,"Others,Entertainment,MediaCom"
122,Entertainment
123,Cryptocurrency
124,"Technology,Infrastructure,MediaCom,Business services,Platform,Smart Contract,Technology"
125,"Technology,Platform,MediaCom,MediaCom"
126,"Platform,Cryptocurrency,Others,MediaCom,Entertainment,Finance"
127,Cryptocurrency
128,"Business services,Entertainment"
129,"Technology,Others,Infrastructure"
130,"Cryptocurrency,Infrastructure,Finance,Platform"
131,Others
132,"Finance,Technology,Others,Business services,MediaCom,Others,Others,Entertainment,Others,Infrastructure,Technology,MediaCom,Platform,Technology"
133,Cryptocurrency
134,Finance
135,Business services
136,"Others,Finance"
137,Technology
138,"Cryptocurrency,Technology,Finance,Infrastructure,Others,Others"
139,"Platform,Cryptocurrency,Finance"
140,"Entertainment,MediaCom"
141,Others
142,"Entertainment,Platform,Others"
143,Finance
144,Cryptocurrency
145,"Platform,Others,Technology"
146,Cryptocurrency
147,"Cryptocurrency,Platform,Business services,Infrastructure"
148,"Business services,MediaCom,Cryptocurrency,Finance,Platform"
149,"Business services,Cryptocurrency"
150,Business services
151,"Platform,Cryptocurrency"
152,"Others,Finance,Cryptocurrency,Platform"
153,"Business services,Finance,Platform"
154,"Technology,Business services,Platform"
155,Platform
156,Cryptocurrency
157,"Business services,Platform"
158,"Platform,Finance,Others"
159,"Technology,Infrastructure,Platform,Cryptocurrency,Technology"
160,Others
161,Finance
162,"Platform,Technology"
163,Platform
164,"Platform,Infrastructure"
165,"Platform,Finance,Cryptocurrency,Technology"
166,"Business services,Technology"
167,"Platform,Business services"
168,"Platform,Entertainment,Others"
169,Entertainment
170,Cryptocurrency
171,"Infrastructure,Cryptocurrency,Others,Platform,Smart Contract,Technology"
172,"Business services,Platform,Cryptocurrency"
173,"Business services,Cryptocurrency,Technology,MediaCom,Platform,Others"
174,Others
175,"Finance,Business services,Finance,Technology,Platform"
176,"Platform,Business services,Entertainment,Technology"
177,Cryptocurrency
178,"Entertainment,Entertainment"
179,Entertainment
180,"Technology,Platform"
181,"Platform,Entertainment,MediaCom"
182,"Cryptocurrency,Platform,Finance,Business services"
183,"Others,Finance,Technology,Infrastructure,Cryptocurrency,Business services,Finance,Platform,Smart Contract,Entertainment"
184,"Platform,MediaCom"
185,"Platform,Finance"
186,"Technology,Platform,Others,MediaCom,MediaCom,Infrastructure,Technology"
187,"Platform,Cryptocurrency,Business services,Infrastructure"
188,Platform
189,Cryptocurrency
190,Others
191,"Platform,Technology,Others"
192,"Entertainment,Platform"
193,"Technology,Others,Others,Others,Others,Others"
194,Others
195,"Cryptocurrency,Others"
196,"Platform,Business services"
197,"Entertainment,Technology"
198,Others
199,Finance
200,MediaCom
201,"Entertainment,Others"
202,"Technology,Others,Platform,Infrastructure,Cryptocurrency"
203,"Cryptocurrency,Others"
204,Others
205,"Platform,Cryptocurrency,Others"
206,"Business services,MediaCom"
207,"Cryptocurrency,Infrastructure,Smart Contract"
208,Entertainment
209,Others
210,"Entertainment,MediaCom,Entertainment"
211,"Platform,Cryptocurrency"
212,Entertainment
213,Finance
214,"Platform,Cryptocurrency,Business services,Finance,Infrastructure,Others"
215,"Business services,Cryptocurrency,Finance,Platform"
216,"Business services,Platform,Technology"
217,"Finance,Technology,Entertainment,Others,Others,Others,MediaCom,Business services,Others,Technology,Others,MediaCom,Platform,Smart Contract,Technology,Others"
218,Platform
219,Others
220,"Others,Technology,Infrastructure,Others"
221,"Business services,Entertainment,Cryptocurrency,MediaCom,Others,Platform,Others"
222,"Platform,Infrastructure"
223,"Finance,Cryptocurrency"
224,"Technology,Platform"
225,"Others,Cryptocurrency,Technology,Infrastructure,Platform"
226,MediaCom
227,Cryptocurrency
228,Others
229,"Business services,Platform,Finance"
230,Others
231,"Platform,Technology,Others,Entertainment,Others"
232,Entertainment
233,Others
234,Technology
235,"Others,Infrastructure,Finance,Platform"
236,"Business services,Others,Others"
237,"Others,Entertainment"
238,"Platform,Finance"
239,"Platform,Others"
240,"Platform,Cryptocurrency,Business services,Finance"
241,"Cryptocurrency,Others,Platform,Technology"
242,"Business services,Cryptocurrency,Platform,Technology"
243,"Technology,Business services,Infrastructure"
244,Platform
245,"Finance,Platform"
246,"Others,Others,Others,Platform"
247,"Cryptocurrency,Entertainment,Finance"
248,Technology
249,Others
250,"Others,Others"
251,Technology
252,Platform
253,"Entertainment,Platform"
254,Entertainment
255,"MediaCom,Platform,Business services"
256,"Platform,Entertainment"
257,"Entertainment,MediaCom"
258,Cryptocurrency
259,Entertainment
260,"Others,Platform"
261,"Cryptocurrency,Finance"
262,"Platform,Finance,Business services"
263,"Platform,Business services"
264,Cryptocurrency
265,"Entertainment,Platform"
266,"Finance,Cryptocurrency,Finance,Platform,Business services"
267,"Technology,MediaCom,Smart Contract"
268,Business services
269,"Entertainment,Platform"
270,Business services
271,"Business services,Technology"
272,"Finance,Cryptocurrency,Finance"
273,"MediaCom,Others,Technology,Technology"
274,Finance
275,Entertainment
276,"Business services,Platform,Technology"
277,"Cryptocurrency,Business services,Others,Technology,Technology"
278,"Cryptocurrency,Business services,Technology"
279,"Cryptocurrency,Entertainment,Infrastructure,Platform,Smart Contract,Others"
280,Finance
281,"Platform,Cryptocurrency"
282,Cryptocurrency
283,"Entertainment,Cryptocurrency"
284,"Technology,Finance,Cryptocurrency,Finance"
285,"Platform,Others"
286,"Entertainment,Infrastructure,Others"
287,"Business services,Platform"
288,"Entertainment,Entertainment"
289,"Others,Entertainment"
290,"Finance,Platform"
291,"Platform,Finance,Business services"
292,"Business services,Cryptocurrency,Technology"
293,"Cryptocurrency,Finance"
294,"Finance,Others,Cryptocurrency,Finance,Others,Platform,Technology"
295,"Entertainment,Entertainment"
296,"Technology,MediaCom"
297,"Finance,Business services"
298,Others
299,"Platform,Finance"
300,"Others,Others"
301,"Business services,Platform,Smart Contract"
302,"Cryptocurrency,Platform,Smart Contract"
303,Cryptocurrency
304,Cryptocurrency
305,"Others,Entertainment"
306,Business services
307,"Cryptocurrency,Smart Contract,Technology"
308,Business services
309,"Others,Cryptocurrency,Technology,Infrastructure,Others,MediaCom,Business services,Others,Finance,Others,MediaCom,Others,Platform,Smart Contract,Technology"
310,"Platform,Finance"
311,"Finance,Others,Entertainment,Others,Others,Business services,Technology,Platform,Others,Others"
312,"Business services,Platform,Technology,Others"
313,Finance
314,"Finance,Smart Contract,Technology,Entertainment"
315,"MediaCom,Cryptocurrency,Infrastructure,Technology,Finance,Platform,Technology"
316,"Technology,Others,Finance,Others,Platform,Technology"
317,"Platform,Business services,Others,Others"
318,Others
319,Entertainment
320,"MediaCom,Cryptocurrency"
321,"Business services,Platform"
322,"Platform,Cryptocurrency,Business services,Technology"
323,"Platform,MediaCom,Cryptocurrency,Entertainment,Business services"
324,Entertainment
325,"Others,Platform"
326,"Cryptocurrency,Business services,Finance"
327,"Business services,Cryptocurrency,Others,Infrastructure,Finance,Platform,Smart Contract,Technology"
328,Finance
329,Others
330,Entertainment
331,Finance
332,"Platform,Business services,Finance"
333,Others
334,"Others,Platform,Finance"
335,"Finance,Platform"
336,Finance
337,"Others,Platform"
338,"Platform,Technology,Technology"
339,Platform
340,Others
341,Cryptocurrency
342,"Others,Platform"
343,"Finance,Cryptocurrency"
344,"Cryptocurrency,Others,Others,MediaCom"
345,"Platform,Cryptocurrency"
346,"Platform,Business services"
347,Platform
348,Platform
349,"Cryptocurrency,Platform,Entertainment,Technology,MediaCom"
350,"Cryptocurrency,Finance"
351,"Platform,Cryptocurrency,Business services,Technology"
352,"Platform,Finance,Finance"
353,"Others,Platform"
354,"Others,Infrastructure,Technology,Smart Contract"
355,Business services
356,"Others,MediaCom"
357,"Others,Technology,Platform,Entertainment"
358,Finance
359,"Cryptocurrency,Platform,Business services,Others"
360,"Platform,Others,Finance,Cryptocurrency,Business services,Others"
361,"Technology,Platform"
362,"Business services,Platform"
363,"Platform,Business services"
364,Others
365,"Platform,Technology"
366,"Others,Platform,Business services,Others,Others"
367,Finance
368,"Technology,Platform"
369,"Platform,Business services,Technology"
370,"Platform,Entertainment"
371,"Cryptocurrency,Finance,Smart Contract"
372,Business services
373,"Finance,Technology,Finance,Cryptocurrency"
374,"Platform,Business services"
375,"Others,Others"
376,Cryptocurrency
377,"Cryptocurrency,Business services"
378,"Others,MediaCom,Cryptocurrency,Technology,Others,Platform,Smart Contract"
379,"Others,Platform"
380,"Cryptocurrency,Platform"
381,"Infrastructure,Platform"
382,Platform
383,"Platform,MediaCom"
384,"MediaCom,Entertainment,Cryptocurrency,Others,Platform,Smart Contract"
385,"Business services,Cryptocurrency,Finance,Smart Contract"
386,"MediaCom,Platform,Others"
387,"Others,Cryptocurrency"
388,"Technology,Others,Infrastructure,Others"
389,"Business services,Platform,Technology"
390,"Cryptocurrency,Finance,Smart Contract"
391,"Platform,Business services"
392,"Cryptocurrency,Platform,Business services,MediaCom"
393,"Cryptocurrency,Platform,Technology"
394,"Others,Cryptocurrency"
395,Others
396,"Finance,Others,Others"
397,Technology
398,"Technology,Finance,Others,Infrastructure,Technology,Platform,Smart Contract"
399,Cryptocurrency
400,"Technology,Platform"
401,Technology
402,MediaCom
403,"Business services,Technology"
404,"Infrastructure,Platform"
405,"Business services,Technology,Platform,Others"
406,"Platform,Cryptocurrency,Business services,Finance,Others,Technology"
407,Cryptocurrency
408,"MediaCom,Technology,Platform,Smart Contract"
409,"Others,Cryptocurrency"
410,"Technology,Cryptocurrency,Smart Contract,Technology"
411,"Business services,MediaCom,Technology"
412,Platform
413,"Cryptocurrency,MediaCom"
414,"Finance,Cryptocurrency,Business services,Others,Finance,Platform"
415,"Finance,Others,Business services,Platform"
416,Entertainment
417,Technology
418,"Cryptocurrency,Technology,Platform"
419,Business services
420,"MediaCom,Others"
421,Entertainment
422,Entertainment
423,"Others,Cryptocurrency,Others,Others"
424,"Cryptocurrency,Platform,Entertainment,Others"
425,"Cryptocurrency,Entertainment,Others,Others"
426,"Technology,Others,Others,Others,Platform"
427,"Cryptocurrency,Finance,Platform"
428,Cryptocurrency
429,"Technology,Cryptocurrency,Platform,Smart Contract"
430,"Infrastructure,Others"
431,"Finance,Business services,Cryptocurrency,Entertainment,Others"
432,"Smart Contract,Platform,Others,Infrastructure,Others,Technology,Technology"
433,Platform
434,"Cryptocurrency,Platform"
435,Others
436,Cryptocurrency
437,Entertainment
438,"Finance,Business services,Cryptocurrency"
439,"Cryptocurrency,Others"
440,Others
441,"Platform,Cryptocurrency,Technology"
442,"Platform,Others"
443,Others
444,"Others,Business services,Cryptocurrency,Technology,Smart Contract"
445,"Cryptocurrency,Platform,Finance"
446,Technology
447,"Cryptocurrency,Platform,Others"
448,"Cryptocurrency,Others"
449,"Cryptocurrency,Entertainment"
450,Others
451,"Cryptocurrency,Platform"
452,"Platform,Others,Business services,Others,Technology,Entertainment"
453,"Cryptocurrency,MediaCom,Others,Business services,Entertainment,Infrastructure,Technology,MediaCom,Others,Platform,Others,Smart Contract,Technology,Others"
454,"Platform,MediaCom"
455,Cryptocurrency
456,"Platform,Technology"
457,"Technology,MediaCom,Platform,Smart Contract"
458,Entertainment
459,"Technology,MediaCom,Platform"
460,"Finance,Business services"
461,"Platform,Business services"
462,"Finance,Business services,Cryptocurrency,Infrastructure,Finance,Others,Platform"
463,Cryptocurrency
464,"Business services,Cryptocurrency,Others"
465,Cryptocurrency
466,"Business services,Cryptocurrency"
467,Infrastructure
468,"Business services,Smart Contract"
469,"Business services,MediaCom,Platform"
470,Others
471,"Cryptocurrency,Finance,Platform"
472,"Platform,Others,Technology"
473,"Platform,Cryptocurrency"
474,"MediaCom,Entertainment,Technology,MediaCom"
475,Others
476,"MediaCom,Entertainment,Platform"
477,"Platform,Cryptocurrency"
478,Others
479,"Finance,Cryptocurrency"
480,Cryptocurrency
481,"Cryptocurrency,Finance,Others,Entertainment"
482,"MediaCom,Technology"
483,"Platform,Infrastructure,Technology"
484,"Business services,Others"
485,Technology
486,"Cryptocurrency,Platform"
487,Entertainment
488,"MediaCom,Infrastructure,Technology"
489,"Infrastructure,Platform"
490,"Business services,Entertainment,MediaCom"
491,Technology
492,"MediaCom,Platform"
493,"Finance,Others"
494,Cryptocurrency
495,"Others,Business services,Finance,Platform"
496,"Technology,Business services,Cryptocurrency"
497,Platform
498,Business services
499,"Cryptocurrency,Finance"
500,"Platform,Technology"
501,"Cryptocurrency,Business services"
502,Finance
503,"Cryptocurrency,Platform,Finance"
504,Cryptocurrency
505,"Finance,Platform,Cryptocurrency"
506,"Platform,Entertainment"
507,Technology
508,"Entertainment,Platform,Cryptocurrency"
509,"Platform,Business services,Finance"
510,"Business services,Technology"
511,Entertainment
512,"Cryptocurrency,Platform"
513,"Business services,Others,Cryptocurrency,Infrastructure,Technology,Others,Platform,Smart Contract,Technology"
514,Technology
515,"Business services,Platform"
516,"Others,Others"
517,"Platform,Cryptocurrency,Business services,Finance,Finance"
518,Finance
519,"Entertainment,Cryptocurrency,Platform"
520,"Cryptocurrency,Platform"
521,Cryptocurrency
522,"Finance,Cryptocurrency,Finance,Platform,Technology"
523,"Entertainment,Entertainment,Platform,Smart Contract"
524,"Finance,Finance,Cryptocurrency,Platform"
525,Business services
526,"Platform,Technology,Technology"
527,"Platform,Business services,Finance,Cryptocurrency"
528,"Business services,Finance,Finance"
529,Platform
530,"Others,Others,Infrastructure"
531,Cryptocurrency
532,"Platform,Cryptocurrency"
533,"Business services,Technology"
534,Infrastructure
535,"Cryptocurrency,Platform,Technology,Others"
536,"MediaCom,Business services,Others,Cryptocurrency,Others,Finance,Others,Platform,Smart Contract,Technology"
537,Business services
538,"Others,Finance,Cryptocurrency,Platform"
539,"Entertainment,Technology,MediaCom"
540,"Finance,Cryptocurrency,Technology,Finance,Platform,Smart Contract,Technology"
541,Others
542,"Platform,Cryptocurrency"
543,"Cryptocurrency,Platform,Business services,Technology,Technology,Smart Contract"
544,"Platform,Others,Others"
545,Entertainment
546,Cryptocurrency
547,Finance
548,Business services
549,Others
550,Others
551,"Others,Finance,Technology,Cryptocurrency,Business services,Others"
552,"Entertainment,Cryptocurrency,Platform"
553,Others
554,"Business services,Cryptocurrency,MediaCom"
555,"Others,Entertainment"
556,Others
557,"MediaCom,Platform,Technology"
558,"MediaCom,Cryptocurrency,Technology,Technology"
559,Cryptocurrency
560,Others
561,Platform
562,Cryptocurrency
563,"Platform,Technology"
564,"Finance,Cryptocurrency"
565,"Technology,Finance,Cryptocurrency,Platform,Smart Contract"
566,"Cryptocurrency,Business services,Technology"
567,"Platform,Cryptocurrency,Business services"
568,Technology
569,Entertainment
570,"Technology,Finance"
571,Entertainment
572,"Cryptocurrency,Others"
573,"Others,Cryptocurrency"
574,Cryptocurrency
575,"Technology,Others,Technology"
576,"Platform,Cryptocurrency"
577,"Finance,Technology,Cryptocurrency,Business services,Finance,Platform,Smart Contract"
578,"Finance,Business services,Cryptocurrency,Infrastructure,Finance,Platform"
579,"Platform,Business services"
580,"Others,Infrastructure,Others,Platform,Smart Contract,Others"
581,"Finance,Finance"
582,Finance
583,"Business services,Technology"
584,"Others,Finance"
585,"Finance,Cryptocurrency,Others,Technology,Platform,Technology"
586,"Technology,Others"
587,Entertainment
588,"Platform,Cryptocurrency"
589,"Platform,MediaCom,MediaCom,Business services,Technology"
590,"Platform,Entertainment,Entertainment,Cryptocurrency,Technology"
591,"Platform,Cryptocurrency,Technology,MediaCom"
592,"Business services,Cryptocurrency,Others"
593,"Platform,Entertainment"
594,"Platform,Business services,Technology,Technology"
595,"Platform,Cryptocurrency"
596,Infrastructure
597,"Finance,Cryptocurrency,Smart Contract"
598,Platform
599,"Cryptocurrency,Others"
600,Others
601,"Entertainment,Platform"
602,Cryptocurrency
603,"Business services,Infrastructure,Platform,Smart Contract"
604,"Platform,Infrastructure"
605,"Cryptocurrency,Platform"
606,"Cryptocurrency,Finance,Finance,Others"
607,"Platform,Business services,Others"
608,"Platform,Cryptocurrency,Business services"
609,Others
610,"Platform,MediaCom,Cryptocurrency,Others"
611,"Business services,Platform"
612,Platform
613,Platform
614,"Platform,Entertainment"
615,"Infrastructure,Cryptocurrency,Platform"
616,"Technology,Platform"
617,Finance
618,"Business services,Finance"
619,"Technology,Others,Cryptocurrency,Others,Infrastructure,Others"
620,"Business services,Cryptocurrency,Finance,Platform,Others"
621,"Cryptocurrency,Smart Contract"
622,Infrastructure
623,Entertainment
624,"Platform,Cryptocurrency,Finance,Smart Contract"
625,"Platform,Cryptocurrency"
626,"Cryptocurrency,Platform"
627,"Platform,Entertainment,Others,Entertainment,Others"
628,"Business services,Infrastructure,Others,Technology"
629,"Platform,Cryptocurrency,Technology,MediaCom"
630,"Finance,Cryptocurrency,Finance,Platform,Smart Contract,Technology"
631,"Platform,Business services,Technology"
632,Entertainment
633,"Platform,Others,Business services"
634,"Business services,Platform"
635,"Platform,Smart Contract"
636,"Business services,Finance"
637,Finance
638,"Others,Platform"
639,"Entertainment,Entertainment"
640,"Cryptocurrency,Others"
641,Platform
642,"Cryptocurrency,Others"
643,"Cryptocurrency,Infrastructure"
644,"Others,Entertainment"
645,"Finance,Cryptocurrency"
646,"Platform,Entertainment"
647,"Platform,Business services"
648,"Finance,Platform"
649,Others
650,Finance
651,"Cryptocurrency,Business services,Entertainment,Technology,Platform,Smart Contract,Technology,Others"
652,Finance
653,Entertainment
654,"Business services,Platform"
655,"Finance,Finance,Cryptocurrency"
656,"Cryptocurrency,Technology"
657,"Platform,Cryptocurrency,Smart Contract,Others"
658,"MediaCom,Platform"
659,Others
660,"Cryptocurrency,Technology,Platform"
661,"Technology,Smart Contract,Others,Platform,Cryptocurrency,Business services"
662,"Finance,Business services,Cryptocurrency,Finance,Smart Contract"
663,"Cryptocurrency,MediaCom"
664,"Platform,Others"
665,Entertainment
666,Platform
667,"Others,Entertainment"
668,"Cryptocurrency,Others"
669,Finance
670,"Finance,Business services,MediaCom,Cryptocurrency,Platform,Smart Contract,Technology"
671,"Cryptocurrency,Business services,Technology,Platform,Others,Smart Contract"
672,"Others,Technology,Others,Smart Contract"
673,"Cryptocurrency,Others"
674,"Platform,Finance"
675,"Business services,Others"
676,"Cryptocurrency,Entertainment,MediaCom,Platform"
677,"Platform,Business services"
678,Cryptocurrency
679,Platform
680,"Platform,Cryptocurrency,Finance,Entertainment,Technology"
681,"MediaCom,Technology,Cryptocurrency,Others,Platform"
682,Technology
683,"Cryptocurrency,Platform,Smart Contract"
684,"Cryptocurrency,Others,Platform"
685,Infrastructure
686,"Platform,Entertainment"
687,Platform
688,"Finance,Business services"
689,"Platform,Cryptocurrency"
690,"Business services,MediaCom,Cryptocurrency,MediaCom"
691,Others
692,"Cryptocurrency,Business services,Entertainment"
693,"Cryptocurrency,Platform,Finance"
694,"Cryptocurrency,Platform"
695,Finance
696,Others
697,"Finance,Platform,Cryptocurrency"
698,"Cryptocurrency,Others,Others"
699,Others
700,"Business services,Others"
701,Others
702,"Finance,Platform"
703,Entertainment
704,Cryptocurrency
705,"Cryptocurrency,Infrastructure,Others"
706,"Others,Business services,Finance,Smart Contract"
707,"Finance,Cryptocurrency,Others,Platform"
708,"Technology,Platform"
709,Platform
710,"Finance,Platform"
711,"Entertainment,MediaCom,Platform"
712,"Entertainment,Platform"
713,"Platform,Cryptocurrency,Technology"
714,Finance
715,"Others,Others"
716,Platform
717,"Platform,Entertainment,Others"
718,Finance
719,Platform
720,"Entertainment,Infrastructure"
721,Platform
722,Others
723,Cryptocurrency
724,"Cryptocurrency,Others,Platform,Infrastructure"
725,"Technology,Cryptocurrency,Platform"
726,MediaCom
727,Infrastructure
728,"Finance,Cryptocurrency,Platform,Business services"
729,"Platform,Cryptocurrency,Finance,Finance"
730,"Finance,Cryptocurrency,Technology,Finance"
731,Platform
732,Others
733,"Infrastructure,MediaCom"
734,"Others,Platform"
735,"Infrastructure,Cryptocurrency,Business services,Finance,Finance,Platform,Smart Contract"
736,"Finance,Cryptocurrency"
737,"Platform,Business services"
738,"Infrastructure,Technology,Others"
739,"Technology,Platform"
740,Entertainment
741,Platform
742,"Cryptocurrency,Finance,Platform"
743,Others
744,"Cryptocurrency,Platform"
745,"Entertainment,Finance,Finance"
746,"Platform,Business services,Finance,Others,Others"
747,"Others,Cryptocurrency,Smart Contract,Technology"
748,"Technology,Finance,Others,Business services,Cryptocurrency,Technology"
749,Others
750,"Platform,Cryptocurrency"
751,Others
752,"Platform,Business services,Cryptocurrency"
753,"Platform,Finance"
754,Others
755,Others
756,"Business services,Entertainment,Finance,Others,MediaCom"
757,Finance
758,Platform
759,"Finance,Cryptocurrency,Finance,Platform"
760,"Others,Finance,Cryptocurrency,Others,Platform"
761,"Business services,Finance"
762,Others
763,"Entertainment,Platform"
764,"Platform,Cryptocurrency,Technology"
765,"Finance,Platform"
766,Technology
767,"Platform,Infrastructure,Technology"
768,"Platform,Business services,Cryptocurrency,Finance"
769,Others
770,"Platform,Technology,Cryptocurrency,Business services,Technology"
771,Others
772,"Platform,Business services,Others"
773,"Business services,Platform"
774,"Cryptocurrency,Platform,Finance"
775,MediaCom
776,Technology
777,"Platform,Cryptocurrency"
778,"Entertainment,Platform"
779,"Business services,Platform,Technology"
780,Others
781,"Others,Others,Platform,Technology"
782,"Platform,Others"
783,Others
784,"Business services,Platform"
785,"Entertainment,Platform,Others"
786,Entertainment
787,"Cryptocurrency,Finance,Platform,Smart Contract"
788,Cryptocurrency
789,Infrastructure
790,"Cryptocurrency,Entertainment"
791,"Others,Finance"
792,"Business services,Cryptocurrency,Platform,Smart Contract"
793,Cryptocurrency
794,"Cryptocurrency,Entertainment"
795,Technology
796,Others
797,"Platform,Others"
798,"Platform,Infrastructure"
799,Entertainment
800,Technology
801,Platform
802,"Platform,Others"
803,Others
804,"Technology,MediaCom,MediaCom"
805,Platform
806,Platform
807,"Platform,Cryptocurrency,Technology,Technology,MediaCom,Smart Contract,MediaCom,Others"
808,"Business services,MediaCom,Platform"
809,"Business services,Platform"
810,"Cryptocurrency,Finance"
811,"Others,Finance"
812,"Others,Others"
813,"Entertainment,Platform"
814,"Cryptocurrency,Platform,Finance,Finance,Others"
815,"Platform,Technology,Business services"
816,"Platform,Finance,Others"
817,"Business services,Others,Platform,Smart Contract"
818,"Cryptocurrency,Platform,Finance,Technology"
819,"Others,Others,Platform,Smart Contract"
820,"Cryptocurrency,MediaCom,Technology,Platform"
821,"Cryptocurrency,Others,Technology,Finance,Platform,Technology"
822,Others
823,"Business services,MediaCom,Technology,MediaCom,Platform"
824,"Platform,Business services,Finance,Others,Cryptocurrency"
825,Platform
826,Platform
827,"Business services,Infrastructure"
828,"Platform,Others"
829,"Platform,Technology"
830,"Platform,Entertainment"
831,"Cryptocurrency,Others,Business services"
832,"Business services,Infrastructure"
833,Finance
834,"Platform,MediaCom"
835,"Cryptocurrency,Business services,Technology,Platform"
836,"Platform,Cryptocurrency,Technology"
837,Others
838,"Business services,Others,Technology"
839,Platform
840,"Infrastructure,Platform,Smart Contract,Technology"
841,"Cryptocurrency,Finance,Platform,Smart Contract"
842,"Platform,Business services,Technology,Others"
843,Cryptocurrency
844,Entertainment
845,Platform
846,Others
847,Platform
848,MediaCom
849,"Others,Platform"
850,Business services
851,"Technology,Platform"
852,"Platform,Finance,Cryptocurrency,Business services,Smart Contract"
853,Cryptocurrency
854,Others
855,Technology
856,Finance
857,Cryptocurrency
858,Others
859,"Finance,Platform"
860,MediaCom
861,"Technology,Cryptocurrency,Technology,Finance,Platform"
862,"Technology,Cryptocurrency,Finance,Smart Contract"
863,"MediaCom,Technology,MediaCom"
864,"Platform,Business services"
865,"Technology,Platform,Others"
866,"Platform,MediaCom"
867,Others
868,Entertainment
869,"Others,Platform"
870,"Smart Contract,Platform,Entertainment,Cryptocurrency,Entertainment,Technology,Others"
871,"Platform,Business services,Infrastructure"
872,"Platform,Finance,Infrastructure"
873,MediaCom
874,"Platform,Cryptocurrency,Business services"
875,"Cryptocurrency,Business services,Finance"
876,"Platform,Cryptocurrency"
877,"Cryptocurrency,Finance"
878,"Finance,Business services"
879,"Platform,MediaCom"
880,"Others,Finance,Smart Contract,Others,Finance,Business services,Cryptocurrency"
881,"Cryptocurrency,Finance"
882,"Business services,Platform"
883,"Finance,Cryptocurrency"
884,Business services
885,"Platform,MediaCom"
886,Technology
887,"Technology,Others,Platform,Others"
888,Others
889,"Finance,Others"
890,Smart Contract
891,"Others,Cryptocurrency,Platform"
892,"MediaCom,Platform"
893,Cryptocurrency
894,"Business services,Platform"
895,"Business services,Cryptocurrency,Finance,Platform,Others"
896,"Platform,Finance"
897,Business services
898,Infrastructure
899,"Cryptocurrency,Platform"
900,"Others,Others,Cryptocurrency"
901,"Platform,Business services"
902,"Entertainment,Platform"
903,"Finance,Cryptocurrency"
904,Others
905,"Entertainment,MediaCom"
906,"Platform,Cryptocurrency"
907,"Others,Infrastructure,Finance,Platform"
908,"Cryptocurrency,Technology"
909,"Business services,Platform"
910,"Platform,Others"
911,"Business services,Platform,Cryptocurrency,Finance,MediaCom"
912,Platform
913,"Business services,Others,Others,Technology"
914,"Entertainment,Platform"
915,"Others,Cryptocurrency"
916,Platform
917,"Business services,Others,Technology,Technology"
918,Others
919,"Entertainment,Entertainment"
920,"Business services,MediaCom,Infrastructure,Others,Others"
921,"Others,Finance"
922,"Finance,Business services"
923,"Platform,Entertainment,Business services"
924,"Cryptocurrency,Business services,Finance"
925,Cryptocurrency
926,"Finance,Business services"
927,Platform
928,Finance
929,"Platform,Cryptocurrency,Business services,Finance,Technology"
930,Others
931,"Technology,Platform,Business services"
932,"Platform,Cryptocurrency,Business services,Finance"
933,"Infrastructure,Others"
934,"Business services,Others,Others,Entertainment"
935,Cryptocurrency
936,Entertainment
937,"Entertainment,Platform,Cryptocurrency"
938,Platform
939,"Platform,Business services,Infrastructure,Others"
940,"Cryptocurrency,Platform"
941,"Technology,Smart Contract,Others"
942,"Technology,Platform,MediaCom"
943,Technology
944,"Platform,Finance,Smart Contract,Technology"
945,Business services
946,Others
947,Technology
948,Smart Contract
949,"Cryptocurrency,Business services,Finance,Finance"
950,"Technology,Business services"
951,"Finance,Platform"
952,"Business services,Technology"
953,Others
954,"Finance,Cryptocurrency"
955,"Technology,Cryptocurrency,Entertainment"
956,"Business services,Platform"
957,"Technology,Others,Others,Infrastructure,Technology,Platform,Technology"
958,Finance
959,"Platform,Cryptocurrency,Business services,Finance"
960,"Finance,Cryptocurrency"
961,MediaCom
962,"Business services,Others,Platform"
963,"Cryptocurrency,Business services,Finance,MediaCom"
964,"MediaCom,Cryptocurrency,Entertainment,Technology,MediaCom,Platform,Smart Contract"
965,"Cryptocurrency,Platform"
966,"Finance,Others,Platform,Cryptocurrency"
967,"Business services,Cryptocurrency,Finance"
968,"Finance,Cryptocurrency"
969,"Finance,Cryptocurrency,Entertainment"
970,"Entertainment,MediaCom,Others,Technology,Technology"
971,Finance
972,"Cryptocurrency,Finance,Others"
973,"Technology,Others,Cryptocurrency,Infrastructure,Platform,Smart Contract,Technology"
974,"Business services,Entertainment,Infrastructure,Technology,Finance"
975,"Platform,Cryptocurrency,Business services,Finance,Technology,Technology"
976,"MediaCom,Technology"
977,"Finance,Platform"
978,"Technology,Others,Smart Contract"
979,"Platform,Finance"
980,"Cryptocurrency,Smart Contract"
981,Cryptocurrency
982,"Technology,Platform"
983,"MediaCom,Cryptocurrency,Platform,Smart Contract"
984,"Entertainment,Entertainment,Others"
985,Others
986,"Technology,Platform,MediaCom"
987,"Business services,Cryptocurrency,Platform,Others"
988,Platform
989,"Platform,Business services"
990,Others
991,"Platform,Technology,MediaCom"
992,"Cryptocurrency,Technology"
993,"Business services,Infrastructure"
994,"Technology,MediaCom,Platform"
995,Others
996,"Cryptocurrency,Platform,Smart Contract,Technology"
997,"MediaCom,MediaCom,Others"
998,"Others,Cryptocurrency,Entertainment"
999,MediaCom
1000,Finance
1001,"Platform,Business services,Technology,MediaCom"
1002,"Entertainment,Platform"
1003,"Finance,Finance"
1004,"Others,Finance,Technology,Entertainment,Others,Cryptocurrency,MediaCom,Others,Others,Platform,Smart Contract"
1005,"Technology,Others,Others"
1006,Entertainment
1007,"Finance,Business services,Cryptocurrency"
1008,Others
1009,"Platform,Others,Infrastructure,Others"
1010,Platform
1011,"Cryptocurrency,Others,Infrastructure,Finance,Smart Contract"
1012,"Cryptocurrency,Platform"
1013,"MediaCom,Cryptocurrency,Entertainment,Finance,Platform,Smart Contract"
1014,"Business services,Cryptocurrency"
1015,"Platform,Cryptocurrency,Finance,MediaCom,Technology"
1016,"Cryptocurrency,Infrastructure,Finance,Platform"
1017,"Platform,Cryptocurrency,Business services"
1018,Business services
1019,"Business services,Technology,MediaCom,Technology"
1020,Cryptocurrency
1021,Others
1022,Finance
1023,"Finance,Platform,Cryptocurrency"
1024,Cryptocurrency
1025,Business services
1026,"Entertainment,Entertainment,Finance,Platform,Technology"
1027,"Finance,Others"
1028,"Others,Business services,Cryptocurrency,Technology,Platform,Technology"
1029,"Cryptocurrency,MediaCom"
1030,"Platform,Entertainment"
1031,"Others,Platform"
1032,Finance
1033,"Cryptocurrency,Platform"
1034,"Platform,Entertainment"
1035,Platform
1036,"Smart Contract,Technology,Others,Finance,Cryptocurrency,Platform"
1037,"Platform,Technology"
1038,"MediaCom,Entertainment,MediaCom"
1039,"Entertainment,Cryptocurrency,Others"
1040,"Platform,Finance"
1041,Technology
1042,Cryptocurrency
1043,"Others,Others,Cryptocurrency"
1044,"Finance,Others"
1045,"MediaCom,Platform,Technology"
1046,"Platform,Entertainment"
1047,"MediaCom,Technology,MediaCom"
1048,"Platform,Others"
1049,"Others,Others"
1050,"Cryptocurrency,Technology,Others"
1051,"Entertainment,Cryptocurrency,Platform,Entertainment"
1052,"Platform,Business services,Finance,Infrastructure"
1053,"Cryptocurrency,Finance,Platform,Smart Contract"
1054,"MediaCom,Infrastructure,Platform,Others"
1055,"Smart Contract,Platform,Cryptocurrency,Technology,Technology"
1056,Entertainment
1057,Platform
1058,"Platform,Business services,Others"
1059,"Platform,MediaCom,MediaCom"
1060,"Others,Platform"
1061,"Platform,Technology,Others,Entertainment"
1062,"Technology,Infrastructure,Platform"
1063,"Cryptocurrency,Others,Technology"
1064,"Cryptocurrency,Finance,Others"
1065,"Platform,Business services,Cryptocurrency,Technology"
1066,Finance
1067,Platform
1068,"Cryptocurrency,Business services,Platform,MediaCom"
1069,Others
1070,"Cryptocurrency,Technology"
1071,"Business services,Technology"
1072,"Finance,Business services,Cryptocurrency,Infrastructure,Finance,Platform,Smart Contract"
1073,Platform
1074,Others
1075,"Platform,Cryptocurrency,Entertainment,MediaCom"
1076,"Entertainment,Others"
1077,Platform
1078,"Platform,Entertainment"
1079,"Platform,Cryptocurrency,Entertainment,MediaCom"
1080,Entertainment
1081,"Business services,MediaCom"
1082,"Business services,Platform"
1083,Entertainment
1084,"Business services,Cryptocurrency,Platform,Others,Technology"
1085,"Cryptocurrency,Technology"
1086,"Others,Platform"
1087,"Platform,Business services,Cryptocurrency"
1088,Cryptocurrency
1089,"Platform,Infrastructure,Business services,Technology,Technology"
1090,"Finance,Business services,Cryptocurrency"
1091,"Others,Infrastructure"
1092,"Business services,Finance,MediaCom,Cryptocurrency,Others,Others,Platform"
1093,"Cryptocurrency,Infrastructure,Finance"
1094,"Platform,Business services"
1095,Platform
1096,"Finance,Business services,MediaCom,Cryptocurrency,Technology"
1097,"Finance,Finance,Platform,Smart Contract"
1098,"Business services,Cryptocurrency,Finance"
1099,"Business services,Platform"
1100,Others
1101,"Cryptocurrency,Technology,Entertainment"
1102,"Platform,Others"
1103,Platform
1104,"Business services,Others"
1105,"Cryptocurrency,Others,Technology,Infrastructure,Finance,Others,Platform,Smart Contract,Technology"
1106,"Business services,Cryptocurrency,Technology,Entertainment"
1107,Others
1108,"MediaCom,Cryptocurrency,Technology,Technology"
1109,"Finance,Business services"
1110,"Cryptocurrency,Others,Platform,Smart Contract"
1111,"Platform,Business services,Technology"
1112,"Entertainment,Platform"
1113,"Entertainment,Business services,Platform"
1114,"Finance,Platform"
1115,"Platform,Entertainment,MediaCom"
1116,"Cryptocurrency,Platform"
1117,Cryptocurrency
1118,MediaCom
1119,"Technology,Finance"
1120,"Finance,Cryptocurrency"
1121,Others
1122,"Business services,Platform"
1123,"Platform,Technology"
1124,"Others,Platform"
1125,Platform
1126,"Cryptocurrency,Finance,Platform"
1127,Entertainment
1128,"Cryptocurrency,Platform"
1129,Platform
1130,"Technology,Entertainment"
1131,"Technology,Others,Others,Infrastructure,Platform,Smart Contract,Technology"
1132,Technology
1133,"Platform,Technology,Cryptocurrency,Others"
1134,"Others,Business services"
1135,Others
1136,"Platform,MediaCom"
1137,"Others,Smart Contract"
1138,"Platform,Cryptocurrency,Business services,Others,Others"
1139,"Platform,Cryptocurrency,Entertainment,MediaCom,MediaCom"
1140,"Others,Others,Platform,Technology,Cryptocurrency,Entertainment"
1141,"Platform,Others"
1142,Cryptocurrency
1143,"Entertainment,Platform"
1144,"Finance,Business services,Platform"
1145,"Technology,Platform"
1146,"Finance,Cryptocurrency,Business services,Finance,Platform"
1147,Platform
1148,"Platform,MediaCom,Entertainment,Others"
1149,Entertainment
1150,"Cryptocurrency,Business services,Infrastructure,Technology"
1151,"Technology,Cryptocurrency"
1152,Platform
1153,Platform
1154,Cryptocurrency
1155,Others
1156,"Business services,Platform"
1157,"Cryptocurrency,Platform"
1158,Entertainment
1159,"Finance,Cryptocurrency"
1160,"Cryptocurrency,MediaCom,Entertainment,Others,Others,Entertainment,Others,Infrastructure,Technology,Others,MediaCom,Others,Others,Technology,Others,Entertainment,Others"
1161,"Business services,Platform,MediaCom"
1162,Entertainment
1163,"Others,Finance,Cryptocurrency,Entertainment"
1164,"Platform,MediaCom"
1165,Cryptocurrency
1166,"Platform,Cryptocurrency,Business services"
1167,"Technology,Platform"
1168,"Platform,Technology"
1169,"Platform,Cryptocurrency,Business services,Technology"
1170,"Platform,Others"
1171,"Others,Platform"
1172,"MediaCom,Platform,Others"
1173,Entertainment
1174,"Business services,MediaCom,Cryptocurrency,Technology,Platform,Others,Technology"
1175,Cryptocurrency
1176,"Platform,Cryptocurrency,Technology"
1177,Others
1178,"Platform,Cryptocurrency,Business services,Technology,MediaCom,Infrastructure"
1179,"Technology,Cryptocurrency,Infrastructure,Platform,Technology"
1180,"Cryptocurrency,Finance,Platform"
1181,"Others,Finance"